Date,Price,Date2,Open,High,Low,Closed Price,Vol.,Change %,Absolute Value for Change,Volatility,Daily Volatility,,,,,,,,,,,,,,,,,,,,,,,,,,,,,,,,,,,,,,,,,,,,,,,,,,,
01/23/2025,"6,118.72",01/23/2025,"6,076.32","6,118.72","6,074.67","6,118.72",0.00K,0.53%,0.53%,44.05,0.72%,,Highest Price Ever," $6,118.72 ",,,,,,,,,,,,,,,,,,,,,,,,,,,,,,,,,,,,,,,,,,,,,,,,
01/22/2025,"6,086.37",01/22/2025,"6,081.39","6,100.81","6,076.13","6,086.37",,0.61%,0.61%,24.68,0.41%,,Lowest Price Ever," $4,844.05 ",,,,,,,,,,,,,,,,,,,,,,,,,,,,,,,,,,,,,,,,,,,,,,,,
01/21/2025,"6,049.24",01/21/2025,"6,014.12","6,051.51","6,006.88","6,049.24",,0.88%,0.88%,44.63,0.74%,,Standard Deviation,350.54,,,,,,,,,,,,,,,,,,,,,,,,,,,,,,,,,,,,,,,,,,,,,,,,
01/17/2025,"5,996.66",01/17/2025,"5,995.40","6,014.96","5,978.44","5,996.66",,1.00%,1.00%,36.52,0.61%,,Highest Price Movement,3.0%,,,,,,,,,,,,,,,,,,,,,,,,,,,,,,,,,Results,,,,,,,,,,,,,,,
01/16/2025,"5,937.34",01/16/2025,"5,963.61","5,964.69","5,930.72","5,937.34",,-0.21%,0.21%,33.97,0.57%,,Lowest Price Movement,0.0%,,,,,,,,,,,,,,,,,,,,,,,,,,,,,,,,,,,,,,,,,,,,,,,,
01/15/2025,"5,949.91",01/15/2025,"5,905.21","5,960.61","5,905.21","5,949.91",,1.83%,1.83%,55.40,0.94%,,,,,,,,,,,,,,,,,,,,,,,,,,,,,,,,,,,,Highest vs Lowest Price,,,,Highest vs Lowest Price Movement (%),,,,Price Range Provisional,,,,Others,,,
01/14/2025,"5,842.91",01/14/2025,"5,859.27","5,871.92","5,805.42","5,842.91",0.00K,0.11%,0.11%,66.50,1.13%,,Average Daily Volatility,0.91%,,,,,,,,,,,,,,,,,,,,,,,,,,,,,,,,,Highest Price,,Lowest Price,,Highest Movement,,Lowest Movement,,Highest Price,,Lowest Price,,Standard Deviation,,Daily Volatility,
01/13/2025,"5,836.22",01/13/2025,"5,782.02","5,838.61","5,773.31","5,836.22",,0.16%,0.16%,65.30,1.13%,,,,,,,,,,,,,,,,,,,,,,,,,,,,,,,,,,,," $6,118.72 ",," $4,844.05 ",,3.0%,,0.0%,," $6,819.80 ",," $4,142.97 ",,350.54,,0.91%,
01/10/2025,"5,827.04",01/10/2025,"5,890.35","5,890.35","5,807.78","5,827.04",,-1.54%,1.54%,82.57,1.40%,,Highest Price (Provisional)," $6,819.80 ",,,,,,,,,,,,,,,,,,,,,,,,,,,,,,,,,,,,,,,,,,,,,,,,
01/08/2025,"5,918.25",01/08/2025,"5,910.66","5,927.89","5,874.78","5,918.25",,0.16%,0.16%,53.11,0.90%,,Lowest Price (Provisional)," $4,142.97 ",,,,,,,,,,,,,,,,,,,,,,,,,,,,,,,,,,,,,,,,,,,,,,,,
01/07/2025,"5,909.03",01/07/2025,"5,993.26","6,000.68","5,890.68","5,909.03",,-1.11%,1.11%,110.00,1.84%,,,,,,,,,,,,,,,,,,,,,,,,,,,,,,,,,,,,,,,,,,,,,,,,,,,
01/06/2025,"5,975.38",01/06/2025,"5,982.81","6,021.04","5,960.01","5,975.38",,0.55%,0.55%,61.03,1.02%,,,,,,,,,,,,,,,,,,,,,,,,,,,,,,,,,,,,,,,,,,,,,,,,,,,
01/03/2025,"5,942.47",01/03/2025,"5,891.07","5,949.34","5,888.66","5,942.47",,1.26%,1.26%,60.68,1.03%,,,,,,,,,,,,,,,,,,,,,,,,,,,,,,,,,,,,,,,,,,,,,,,,,,,
01/02/2025,"5,868.55",01/02/2025,"5,903.26","5,935.09","5,829.53","5,868.55",,-0.22%,0.22%,105.56,1.79%,,,,,,,,,,,,,,,,,,,,,,,,,,,,,,,,,,,,,,,,,,,,,,,,,,,
12/31/2024,"5,881.63",12/31/2024,"5,919.74","5,929.74","5,868.86","5,881.63",,-0.43%,0.43%,60.88,1.03%,,,,,,,,,,,,,,,,,,,,,,,,,,,,,,,,,,,,,,,,,,,,,,,,,,,
12/30/2024,"5,906.94",12/30/2024,"5,920.67","5,940.79","5,869.16","5,906.94",,-1.07%,1.07%,71.63,1.21%,,,,,,,,,,,,,,,,,,,,,,,,,,,,,,,,,,,,,,,,,,,,,,,,,,,
12/27/2024,"5,970.84",12/27/2024,"6,006.17","6,006.17","5,932.95","5,970.84",,-1.11%,1.11%,73.22,1.22%,,,,,,,,,,,,,,,,,,,,,,,,,,,,,,,,,,,,,,,,,,,,,,,,,,,
12/26/2024,"6,037.59",12/26/2024,"6,024.97","6,049.75","6,007.37","6,037.59",,-0.04%,0.04%,42.38,0.70%,,,,,,,,,,,,,,,,,,,,,,,,,,,,,,,,,,,,,,,,,,,,,,,,,,,
12/24/2024,"6,040.04",12/24/2024,"5,984.63","6,040.10","5,981.44","6,040.04",,1.10%,1.10%,58.66,0.98%,,,,,,,,,,,,,,,,,,,,,,,,,,,,,,,,,,,,,,,,,,,,,,,,,,,
12/23/2024,"5,974.07",12/23/2024,"5,940.25","5,978.25","5,902.57","5,974.07",,0.73%,0.73%,75.68,1.27%,,,,,,,,,,,,,,,,,,,,,,,,,,,,,,,,,,,,,,,,,,,,,,,,,,,
12/20/2024,"5,930.85",12/20/2024,"5,842.00","5,982.06","5,832.30","5,930.85",,1.09%,1.09%,149.76,2.56%,,,,,,,,,,,,,,,,,,,,,,,,,,,,,,,,,,,,,,,,,,,,,,,,,,,
12/19/2024,"5,867.08",12/19/2024,"5,912.71","5,935.52","5,866.07","5,867.08",,-0.09%,0.09%,69.45,1.17%,,,,,,,,,,,,,,,,,,,,,,,,,,,,,,,,,,,,,,,,,,,,,,,,,,,
12/18/2024,"5,872.16",12/18/2024,"6,047.65","6,070.67","5,867.79","5,872.16",,-2.95%,2.95%,202.88,3.35%,,,,,,,,,,,,,,,,,,,,,,,,,,,,,,,,,,,,,,,,,,,,,,,,,,,
12/17/2024,"6,050.61",12/17/2024,"6,052.55","6,057.68","6,035.19","6,050.61",,-0.39%,0.39%,22.49,0.37%,,,,,,,,,,,,,,,,,,,,,,,,,,,,,,,,,,,,,,,,,,,,,,,,,,,
12/16/2024,"6,074.08",12/16/2024,"6,063.79","6,085.19","6,059.14","6,074.08",,0.38%,0.38%,26.05,0.43%,,,,,,,,,,,,,,,,,,,,,,,,,,,,,,,,,,,,,,,,,,,,,,,,,,,
12/13/2024,"6,051.09",12/13/2024,"6,068.17","6,078.58","6,035.77","6,051.09",,0.00%,0.00%,42.81,0.71%,,,,,,,,,,,,,,,,,,,,,,,,,,,,,,,,,,,,,,,,,,,,,,,,,,,
12/12/2024,"6,051.25",12/12/2024,"6,074.29","6,079.68","6,051.25","6,051.25",,-0.54%,0.54%,28.43,0.47%,,,,,,,,,,,,,,,,,,,,,,,,,,,,,,,,,,,,,,,,,,,,,,,,,,,
12/11/2024,"6,084.19",12/11/2024,"6,060.15","6,092.59","6,060.15","6,084.19",,0.82%,0.82%,32.44,0.54%,,,,,,,,,,,,,,,,,,,,,,,,,,,,,,,,,,,,,,,,,,,,,,,,,,,
12/10/2024,"6,034.91",12/10/2024,"6,057.59","6,065.40","6,029.89","6,034.91",,-0.30%,0.30%,35.51,0.59%,,,,,,,,,,,,,,,,,,,,,,,,,,,,,,,,,,,,,,,,,,,,,,,,,,,
12/09/2024,"6,052.85",12/09/2024,"6,083.01","6,088.51","6,048.63","6,052.85",,-0.61%,0.61%,39.88,0.66%,,,,,,,,,,,,,,,,,,,,,,,,,,,,,,,,,,,,,,,,,,,,,,,,,,,
12/06/2024,"6,090.27",12/06/2024,"6,081.38","6,099.97","6,079.98","6,090.27",,0.25%,0.25%,19.99,0.33%,,,,,,,,,,,,,,,,,,,,,,,,,,,,,,,,,,,,,,,,,,,,,,,,,,,
12/05/2024,"6,075.11",12/05/2024,"6,089.03","6,094.55","6,072.90","6,075.11",,-0.19%,0.19%,21.65,0.36%,,,,,,,,,,,,,,,,,,,,,,,,,,,,,,,,,,,,,,,,,,,,,,,,,,,
12/04/2024,"6,086.49",12/04/2024,"6,069.39","6,089.84","6,061.06","6,086.49",,0.61%,0.61%,28.78,0.47%,,,,,,,,,,,,,,,,,,,,,,,,,,,,,,,,,,,,,,,,,,,,,,,,,,,
12/03/2024,"6,049.88",12/03/2024,"6,042.97","6,052.07","6,033.39","6,049.88",,0.05%,0.05%,18.68,0.31%,,,,,,,,,,,,,,,,,,,,,,,,,,,,,,,,,,,,,,,,,,,,,,,,,,,
12/02/2024,"6,047.15",12/02/2024,"6,040.11","6,053.58","6,035.33","6,047.15",,0.24%,0.24%,18.25,0.30%,,,,,,,,,,,,,,,,,,,,,,,,,,,,,,,,,,,,,,,,,,,,,,,,,,,
11/29/2024,"6,032.38",11/29/2024,"6,003.98","6,044.17","6,003.98","6,032.38",,0.56%,0.56%,40.19,0.67%,,,,,,,,,,,,,,,,,,,,,,,,,,,,,,,,,,,,,,,,,,,,,,,,,,,
11/27/2024,"5,998.74",11/27/2024,"6,014.11","6,020.16","5,984.87","5,998.74",,-0.38%,0.38%,35.29,0.59%,,,,,,,,,,,,,,,,,,,,,,,,,,,,,,,,,,,,,,,,,,,,,,,,,,,
11/26/2024,"6,021.63",11/26/2024,"6,000.03","6,025.42","5,992.27","6,021.63",,0.57%,0.57%,33.15,0.55%,,,,,,,,,,,,,,,,,,,,,,,,,,,,,,,,,,,,,,,,,,,,,,,,,,,
11/25/2024,"5,987.37",11/25/2024,"5,992.28","6,020.75","5,963.91","5,987.37",,0.30%,0.30%,56.84,0.95%,,,,,,,,,,,,,,,,,,,,,,,,,,,,,,,,,,,,,,,,,,,,,,,,,,,
11/22/2024,"5,969.34",11/22/2024,"5,944.36","5,972.90","5,944.36","5,969.34",,0.35%,0.35%,28.54,0.48%,,,,,,,,,,,,,,,,,,,,,,,,,,,,,,,,,,,,,,,,,,,,,,,,,,,
11/21/2024,"5,948.71",11/21/2024,"5,940.58","5,963.32","5,887.26","5,948.71",,0.53%,0.53%,76.06,1.28%,,,,,,,,,,,,,,,,,,,,,,,,,,,,,,,,,,,,,,,,,,,,,,,,,,,
11/20/2024,"5,917.11",11/20/2024,"5,914.34","5,920.67","5,860.56","5,917.11",,0.00%,0.00%,60.11,1.02%,,,,,,,,,,,,,,,,,,,,,,,,,,,,,,,,,,,,,,,,,,,,,,,,,,,
11/19/2024,"5,916.98",11/19/2024,"5,870.05","5,923.51","5,855.29","5,916.98",,0.40%,0.40%,68.22,1.16%,,,,,,,,,,,,,,,,,,,,,,,,,,,,,,,,,,,,,,,,,,,,,,,,,,,
11/18/2024,"5,893.62",11/18/2024,"5,874.17","5,908.12","5,865.95","5,893.62",,0.39%,0.39%,42.17,0.72%,,,,,,,,,,,,,,,,,,,,,,,,,,,,,,,,,,,,,,,,,,,,,,,,,,,
11/15/2024,"5,870.62",11/15/2024,"5,912.79","5,915.32","5,853.01","5,870.62",,-1.32%,1.32%,62.31,1.05%,,,,,,,,,,,,,,,,,,,,,,,,,,,,,,,,,,,,,,,,,,,,,,,,,,,
11/14/2024,"5,949.17",11/14/2024,"5,989.68","5,993.88","5,942.28","5,949.17",,-0.60%,0.60%,51.60,0.86%,,,,,,,,,,,,,,,,,,,,,,,,,,,,,,,,,,,,,,,,,,,,,,,,,,,
11/13/2024,"5,985.38",11/13/2024,"5,985.75","6,008.19","5,965.91","5,985.38",,0.02%,0.02%,42.28,0.71%,,,,,,,,,,,,,,,,,,,,,,,,,,,,,,,,,,,,,,,,,,,,,,,,,,,
11/12/2024,"5,983.99",11/12/2024,"6,003.60","6,009.92","5,960.08","5,983.99",,-0.29%,0.29%,49.84,0.83%,,,,,,,,,,,,,,,,,,,,,,,,,,,,,,,,,,,,,,,,,,,,,,,,,,,
11/11/2024,"6,001.35",11/11/2024,"6,008.86","6,017.31","5,986.69","6,001.35",,0.10%,0.10%,30.62,0.51%,,,,,,,,,,,,,,,,,,,,,,,,,,,,,,,,,,,,,,,,,,,,,,,,,,,
11/08/2024,"5,995.54",11/08/2024,"5,976.76","6,012.45","5,976.76","5,995.54",,0.38%,0.38%,35.69,0.60%,,,,,,,,,,,,,,,,,,,,,,,,,,,,,,,,,,,,,,,,,,,,,,,,,,,
11/07/2024,"5,973.10",11/07/2024,"5,947.21","5,983.84","5,947.21","5,973.10",,0.74%,0.74%,36.63,0.62%,,,,,,,,,,,,,,,,,,,,,,,,,,,,,,,,,,,,,,,,,,,,,,,,,,,
11/06/2024,"5,929.04",11/06/2024,"5,864.89","5,936.14","5,864.89","5,929.04",,2.53%,2.53%,71.25,1.21%,,,,,,,,,,,,,,,,,,,,,,,,,,,,,,,,,,,,,,,,,,,,,,,,,,,
11/05/2024,"5,782.76",11/05/2024,"5,722.43","5,783.44","5,722.10","5,782.76",,1.23%,1.23%,61.34,1.07%,,,,,,,,,,,,,,,,,,,,,,,,,,,,,,,,,,,,,,,,,,,,,,,,,,,
11/04/2024,"5,712.69",11/04/2024,"5,725.15","5,741.43","5,696.51","5,712.69",,-0.28%,0.28%,44.92,0.78%,,,,,,,,,,,,,,,,,,,,,,,,,,,,,,,,,,,,,,,,,,,,,,,,,,,
11/01/2024,"5,728.80",11/01/2024,"5,723.22","5,772.52","5,723.22","5,728.80",,0.41%,0.41%,49.30,0.86%,,,,,,,,,,,,,,,,,,,,,,,,,,,,,,,,,,,,,,,,,,,,,,,,,,,
10/31/2024,"5,705.45",10/31/2024,"5,775.34","5,775.34","5,702.86","5,705.45",,-1.86%,1.86%,72.48,1.25%,,,,,,,,,,,,,,,,,,,,,,,,,,,,,,,,,,,,,,,,,,,,,,,,,,,
10/30/2024,"5,813.67",10/30/2024,"5,832.65","5,850.94","5,811.28","5,813.67",,-0.33%,0.33%,39.66,0.68%,,,,,,,,,,,,,,,,,,,,,,,,,,,,,,,,,,,,,,,,,,,,,,,,,,,
10/29/2024,"5,832.92",10/29/2024,"5,819.68","5,847.19","5,802.17","5,832.92",,0.16%,0.16%,45.02,0.77%,,,,,,,,,,,,,,,,,,,,,,,,,,,,,,,,,,,,,,,,,,,,,,,,,,,
10/28/2024,"5,823.52",10/28/2024,"5,833.93","5,842.92","5,823.08","5,823.52",,0.27%,0.27%,19.84,0.34%,,,,,,,,,,,,,,,,,,,,,,,,,,,,,,,,,,,,,,,,,,,,,,,,,,,
10/25/2024,"5,808.12",10/25/2024,"5,826.75","5,862.82","5,799.98","5,808.12",,-0.03%,0.03%,62.84,1.08%,,,,,,,,,,,,,,,,,,,,,,,,,,,,,,,,,,,,,,,,,,,,,,,,,,,
10/24/2024,"5,809.86",10/24/2024,"5,817.80","5,817.80","5,784.92","5,809.86",,0.21%,0.21%,32.88,0.57%,,,,,,,,,,,,,,,,,,,,,,,,,,,,,,,,,,,,,,,,,,,,,,,,,,,
10/23/2024,"5,797.42",10/23/2024,"5,834.50","5,834.85","5,762.41","5,797.42",,-0.92%,0.92%,72.44,1.24%,,,,,,,,,,,,,,,,,,,,,,,,,,,,,,,,,,,,,,,,,,,,,,,,,,,
10/22/2024,"5,851.20",10/22/2024,"5,832.70","5,863.04","5,821.17","5,851.20",,-0.05%,0.05%,41.87,0.72%,,,,,,,,,,,,,,,,,,,,,,,,,,,,,,,,,,,,,,,,,,,,,,,,,,,
10/21/2024,"5,853.98",10/21/2024,"5,857.82","5,866.92","5,824.79","5,853.98",,-0.18%,0.18%,42.13,0.72%,,,,,,,,,,,,,,,,,,,,,,,,,,,,,,,,,,,,,,,,,,,,,,,,,,,
10/18/2024,"5,864.67",10/18/2024,"5,859.43","5,872.17","5,846.11","5,864.67",,0.40%,0.40%,26.06,0.44%,,,,,,,,,,,,,,,,,,,,,,,,,,,,,,,,,,,,,,,,,,,,,,,,,,,
10/17/2024,"5,841.47",10/17/2024,"5,875.62","5,878.46","5,840.25","5,841.47",,-0.02%,0.02%,38.21,0.65%,,,,,,,,,,,,,,,,,,,,,,,,,,,,,,,,,,,,,,,,,,,,,,,,,,,
10/16/2024,"5,842.47",10/16/2024,"5,816.58","5,846.52","5,808.34","5,842.47",,0.47%,0.47%,38.18,0.66%,,,,,,,,,,,,,,,,,,,,,,,,,,,,,,,,,,,,,,,,,,,,,,,,,,,
10/15/2024,"5,815.26",10/15/2024,"5,866.74","5,870.36","5,804.48","5,815.26",,-0.76%,0.76%,65.88,1.12%,,,,,,,,,,,,,,,,,,,,,,,,,,,,,,,,,,,,,,,,,,,,,,,,,,,
10/14/2024,"5,859.85",10/14/2024,"5,829.81","5,871.41","5,829.57","5,859.85",,0.77%,0.77%,41.84,0.72%,,,,,,,,,,,,,,,,,,,,,,,,,,,,,,,,,,,,,,,,,,,,,,,,,,,
10/11/2024,"5,815.03",10/11/2024,"5,775.09","5,822.13","5,775.09","5,815.03",,0.61%,0.61%,47.04,0.81%,,,,,,,,,,,,,,,,,,,,,,,,,,,,,,,,,,,,,,,,,,,,,,,,,,,
10/10/2024,"5,780.05",10/10/2024,"5,778.36","5,795.03","5,764.76","5,780.05",,-0.21%,0.21%,30.27,0.52%,,,,,,,,,,,,,,,,,,,,,,,,,,,,,,,,,,,,,,,,,,,,,,,,,,,
10/09/2024,"5,792.04",10/09/2024,"5,751.80","5,796.80","5,745.02","5,792.04",,0.71%,0.71%,51.78,0.90%,,,,,,,,,,,,,,,,,,,,,,,,,,,,,,,,,,,,,,,,,,,,,,,,,,,
10/08/2024,"5,751.13",10/08/2024,"5,719.14","5,757.60","5,714.56","5,751.13",,0.97%,0.97%,43.04,0.75%,,,,,,,,,,,,,,,,,,,,,,,,,,,,,,,,,,,,,,,,,,,,,,,,,,,
10/07/2024,"5,695.94",10/07/2024,"5,737.80","5,739.34","5,686.85","5,695.94",,-0.96%,0.96%,52.49,0.91%,,,,,,,,,,,,,,,,,,,,,,,,,,,,,,,,,,,,,,,,,,,,,,,,,,,
10/04/2024,"5,751.07",10/04/2024,"5,737.48","5,753.21","5,702.83","5,751.07",,0.90%,0.90%,50.38,0.88%,,,,,,,,,,,,,,,,,,,,,,,,,,,,,,,,,,,,,,,,,,,,,,,,,,,
10/03/2024,"5,699.94",10/03/2024,"5,698.19","5,718.78","5,677.37","5,699.94",,-0.17%,0.17%,41.41,0.73%,,,,,,,,,,,,,,,,,,,,,,,,,,,,,,,,,,,,,,,,,,,,,,,,,,,
10/02/2024,"5,709.54",10/02/2024,"5,698.14","5,719.63","5,674.00","5,709.54",,0.01%,0.01%,45.63,0.80%,,,,,,,,,,,,,,,,,,,,,,,,,,,,,,,,,,,,,,,,,,,,,,,,,,,
10/01/2024,"5,708.75",10/01/2024,"5,757.73","5,757.73","5,681.28","5,708.75",,-0.93%,0.93%,76.45,1.33%,,,,,,,,,,,,,,,,,,,,,,,,,,,,,,,,,,,,,,,,,,,,,,,,,,,
09/30/2024,"5,762.48",09/30/2024,"5,726.52","5,765.14","5,703.53","5,762.48",,0.42%,0.42%,61.61,1.08%,,,,,,,,,,,,,,,,,,,,,,,,,,,,,,,,,,,,,,,,,,,,,,,,,,,
09/27/2024,"5,738.17",09/27/2024,"5,755.36","5,763.78","5,727.34","5,738.17",,-0.13%,0.13%,36.44,0.63%,,,,,,,,,,,,,,,,,,,,,,,,,,,,,,,,,,,,,,,,,,,,,,,,,,,
09/26/2024,"5,745.37",09/26/2024,"5,762.22","5,767.37","5,721.01","5,745.37",,0.40%,0.40%,46.36,0.80%,,,,,,,,,,,,,,,,,,,,,,,,,,,,,,,,,,,,,,,,,,,,,,,,,,,
09/25/2024,"5,722.26",09/25/2024,"5,733.65","5,741.03","5,712.06","5,722.26",,-0.19%,0.19%,28.97,0.51%,,,,,,,,,,,,,,,,,,,,,,,,,,,,,,,,,,,,,,,,,,,,,,,,,,,
09/24/2024,"5,732.93",09/24/2024,"5,727.66","5,735.32","5,698.99","5,732.93",,0.25%,0.25%,36.33,0.63%,,,,,,,,,,,,,,,,,,,,,,,,,,,,,,,,,,,,,,,,,,,,,,,,,,,
09/23/2024,"5,718.57",09/23/2024,"5,711.90","5,725.36","5,704.22","5,718.57",,0.28%,0.28%,21.14,0.37%,,,,,,,,,,,,,,,,,,,,,,,,,,,,,,,,,,,,,,,,,,,,,,,,,,,
09/20/2024,"5,702.55",09/20/2024,"5,709.64","5,715.14","5,674.49","5,702.55",,-0.19%,0.19%,40.65,0.71%,,,,,,,,,,,,,,,,,,,,,,,,,,,,,,,,,,,,,,,,,,,,,,,,,,,
09/19/2024,"5,713.64",09/19/2024,"5,702.63","5,733.57","5,686.42","5,713.64",,1.70%,1.70%,47.15,0.83%,,,,,,,,,,,,,,,,,,,,,,,,,,,,,,,,,,,,,,,,,,,,,,,,,,,
09/18/2024,"5,618.26",09/18/2024,"5,641.68","5,689.75","5,615.08","5,618.26",,-0.29%,0.29%,74.67,1.32%,,,,,,,,,,,,,,,,,,,,,,,,,,,,,,,,,,,,,,,,,,,,,,,,,,,
09/17/2024,"5,634.58",09/17/2024,"5,655.51","5,670.81","5,614.05","5,634.58",,0.03%,0.03%,56.76,1.00%,,,,,,,,,,,,,,,,,,,,,,,,,,,,,,,,,,,,,,,,,,,,,,,,,,,
09/16/2024,"5,633.09",09/16/2024,"5,615.21","5,636.05","5,604.53","5,633.09",,0.13%,0.13%,31.52,0.56%,,,,,,,,,,,,,,,,,,,,,,,,,,,,,,,,,,,,,,,,,,,,,,,,,,,
09/13/2024,"5,626.02",09/13/2024,"5,603.34","5,636.27","5,601.65","5,626.02",,0.54%,0.54%,34.62,0.62%,,,,,,,,,,,,,,,,,,,,,,,,,,,,,,,,,,,,,,,,,,,,,,,,,,,
09/12/2024,"5,595.76",09/12/2024,"5,557.48","5,600.71","5,535.50","5,595.76",,0.75%,0.75%,65.21,1.17%,,,,,,,,,,,,,,,,,,,,,,,,,,,,,,,,,,,,,,,,,,,,,,,,,,,
09/11/2024,"5,554.13",09/11/2024,"5,496.42","5,560.41","5,406.96","5,554.13",,1.07%,1.07%,153.45,2.79%,,,,,,,,,,,,,,,,,,,,,,,,,,,,,,,,,,,,,,,,,,,,,,,,,,,
09/10/2024,"5,495.52",09/10/2024,"5,490.51","5,497.91","5,441.72","5,495.52",,0.45%,0.45%,56.19,1.02%,,,,,,,,,,,,,,,,,,,,,,,,,,,,,,,,,,,,,,,,,,,,,,,,,,,
09/09/2024,"5,471.05",09/09/2024,"5,442.07","5,484.20","5,434.49","5,471.05",,1.16%,1.16%,49.71,0.91%,,,,,,,,,,,,,,,,,,,,,,,,,,,,,,,,,,,,,,,,,,,,,,,,,,,
09/06/2024,"5,408.42",09/06/2024,"5,507.33","5,522.47","5,402.62","5,408.42",,-1.73%,1.73%,119.85,2.18%,,,,,,,,,,,,,,,,,,,,,,,,,,,,,,,,,,,,,,,,,,,,,,,,,,,
09/05/2024,"5,503.41",09/05/2024,"5,520.08","5,546.30","5,480.54","5,503.41",,-0.30%,0.30%,65.76,1.19%,,,,,,,,,,,,,,,,,,,,,,,,,,,,,,,,,,,,,,,,,,,,,,,,,,,
09/04/2024,"5,520.07",09/04/2024,"5,506.68","5,552.99","5,503.66","5,520.07",,-0.16%,0.16%,49.33,0.90%,,,,,,,,,,,,,,,,,,,,,,,,,,,,,,,,,,,,,,,,,,,,,,,,,,,
09/03/2024,"5,528.93",09/03/2024,"5,623.89","5,623.89","5,504.33","5,528.93",,-2.12%,2.12%,119.56,2.13%,,,,,,,,,,,,,,,,,,,,,,,,,,,,,,,,,,,,,,,,,,,,,,,,,,,
08/30/2024,"5,648.40",08/30/2024,"5,612.74","5,651.37","5,581.79","5,648.40",,1.01%,1.01%,69.58,1.24%,,,,,,,,,,,,,,,,,,,,,,,,,,,,,,,,,,,,,,,,,,,,,,,,,,,
08/29/2024,"5,591.96",08/29/2024,"5,607.30","5,646.95","5,583.71","5,591.96",,0.00%,0.00%,63.24,1.13%,,,,,,,,,,,,,,,,,,,,,,,,,,,,,,,,,,,,,,,,,,,,,,,,,,,
08/28/2024,"5,592.18",08/28/2024,"5,624.51","5,627.03","5,560.95","5,592.18",,-0.60%,0.60%,66.08,1.17%,,,,,,,,,,,,,,,,,,,,,,,,,,,,,,,,,,,,,,,,,,,,,,,,,,,
08/27/2024,"5,625.80",08/27/2024,"5,602.89","5,631.18","5,593.48","5,625.80",,0.16%,0.16%,37.70,0.67%,,,,,,,,,,,,,,,,,,,,,,,,,,,,,,,,,,,,,,,,,,,,,,,,,,,
08/26/2024,"5,616.84",08/26/2024,"5,639.66","5,651.62","5,602.34","5,616.84",,-0.32%,0.32%,49.28,0.87%,,,,,,,,,,,,,,,,,,,,,,,,,,,,,,,,,,,,,,,,,,,,,,,,,,,
08/23/2024,"5,634.61",08/23/2024,"5,602.49","5,641.82","5,585.16","5,634.61",,1.15%,1.15%,56.66,1.01%,,,,,,,,,,,,,,,,,,,,,,,,,,,,,,,,,,,,,,,,,,,,,,,,,,,
08/22/2024,"5,570.64",08/22/2024,"5,637.77","5,643.22","5,560.95","5,570.64",,-0.89%,0.89%,82.27,1.46%,,,,,,,,,,,,,,,,,,,,,,,,,,,,,,,,,,,,,,,,,,,,,,,,,,,
08/21/2024,"5,620.85",08/21/2024,"5,603.09","5,632.68","5,591.57","5,620.85",,0.42%,0.42%,41.11,0.73%,,,,,,,,,,,,,,,,,,,,,,,,,,,,,,,,,,,,,,,,,,,,,,,,,,,
08/20/2024,"5,597.12",08/20/2024,"5,602.88","5,620.51","5,585.50","5,597.12",,-0.20%,0.20%,35.01,0.62%,,,,,,,,,,,,,,,,,,,,,,,,,,,,,,,,,,,,,,,,,,,,,,,,,,,
08/19/2024,"5,608.25",08/19/2024,"5,557.23","5,608.30","5,550.74","5,608.25",,0.97%,0.97%,57.56,1.04%,,,,,,,,,,,,,,,,,,,,,,,,,,,,,,,,,,,,,,,,,,,,,,,,,,,
08/16/2024,"5,554.25",08/16/2024,"5,530.50","5,561.98","5,525.17","5,554.25",,0.20%,0.20%,36.81,0.67%,,,,,,,,,,,,,,,,,,,,,,,,,,,,,,,,,,,,,,,,,,,,,,,,,,,
08/15/2024,"5,543.22",08/15/2024,"5,501.13","5,546.23","5,501.13","5,543.22",,1.61%,1.61%,45.10,0.82%,,,,,,,,,,,,,,,,,,,,,,,,,,,,,,,,,,,,,,,,,,,,,,,,,,,
08/14/2024,"5,455.21",08/14/2024,"5,442.36","5,463.22","5,415.91","5,455.21",,0.38%,0.38%,47.31,0.87%,,,,,,,,,,,,,,,,,,,,,,,,,,,,,,,,,,,,,,,,,,,,,,,,,,,
08/13/2024,"5,434.43",08/13/2024,"5,376.98","5,436.50","5,376.98","5,434.43",,1.68%,1.68%,59.52,1.11%,,,,,,,,,,,,,,,,,,,,,,,,,,,,,,,,,,,,,,,,,,,,,,,,,,,
08/12/2024,"5,344.39",08/12/2024,"5,351.88","5,371.20","5,324.37","5,344.39",,0.00%,0.00%,46.83,0.88%,,,,,,,,,,,,,,,,,,,,,,,,,,,,,,,,,,,,,,,,,,,,,,,,,,,
08/09/2024,"5,344.16",08/09/2024,"5,314.66","5,358.67","5,300.84","5,344.16",,0.47%,0.47%,57.83,1.09%,,,,,,,,,,,,,,,,,,,,,,,,,,,,,,,,,,,,,,,,,,,,,,,,,,,
08/08/2024,"5,319.31",08/08/2024,"5,252.57","5,328.03","5,233.85","5,319.31",,2.30%,2.30%,94.18,1.79%,,,,,,,,,,,,,,,,,,,,,,,,,,,,,,,,,,,,,,,,,,,,,,,,,,,
08/07/2024,"5,199.50",08/07/2024,"5,293.13","5,330.64","5,195.54","5,199.50",,-0.77%,0.77%,135.10,2.55%,,,,,,,,,,,,,,,,,,,,,,,,,,,,,,,,,,,,,,,,,,,,,,,,,,,
08/06/2024,"5,240.03",08/06/2024,"5,206.42","5,312.34","5,193.56","5,240.03",,1.04%,1.04%,118.78,2.28%,,,,,,,,,,,,,,,,,,,,,,,,,,,,,,,,,,,,,,,,,,,,,,,,,,,
08/05/2024,"5,186.33",08/05/2024,"5,151.14","5,250.89","5,119.26","5,186.33",,-3.00%,3.00%,131.63,2.56%,,,,,,,,,,,,,,,,,,,,,,,,,,,,,,,,,,,,,,,,,,,,,,,,,,,
08/02/2024,"5,346.56",08/02/2024,"5,376.63","5,383.89","5,302.03","5,346.56",,-1.84%,1.84%,81.86,1.52%,,,,,,,,,,,,,,,,,,,,,,,,,,,,,,,,,,,,,,,,,,,,,,,,,,,
08/01/2024,"5,446.68",08/01/2024,"5,537.84","5,566.16","5,410.42","5,446.68",,-1.37%,1.37%,155.74,2.81%,,,,,,,,,,,,,,,,,,,,,,,,,,,,,,,,,,,,,,,,,,,,,,,,,,,
07/31/2024,"5,522.30",07/31/2024,"5,505.59","5,551.51","5,493.75","5,522.30",,1.58%,1.58%,57.76,1.05%,,,,,,,,,,,,,,,,,,,,,,,,,,,,,,,,,,,,,,,,,,,,,,,,,,,
07/30/2024,"5,436.44",07/30/2024,"5,478.73","5,489.46","5,401.70","5,436.44",,-0.50%,0.50%,87.76,1.60%,,,,,,,,,,,,,,,,,,,,,,,,,,,,,,,,,,,,,,,,,,,,,,,,,,,
07/29/2024,"5,463.54",07/29/2024,"5,476.55","5,487.74","5,444.44","5,463.54",,0.08%,0.08%,43.30,0.79%,,,,,,,,,,,,,,,,,,,,,,,,,,,,,,,,,,,,,,,,,,,,,,,,,,,
07/26/2024,"5,459.10",07/26/2024,"5,433.67","5,488.32","5,430.70","5,459.10",,1.11%,1.11%,57.62,1.06%,,,,,,,,,,,,,,,,,,,,,,,,,,,,,,,,,,,,,,,,,,,,,,,,,,,
07/25/2024,"5,399.22",07/25/2024,"5,428.70","5,491.59","5,390.95","5,399.22",,-0.51%,0.51%,100.64,1.85%,,,,,,,,,,,,,,,,,,,,,,,,,,,,,,,,,,,,,,,,,,,,,,,,,,,
07/24/2024,"5,427.13",07/24/2024,"5,505.84","5,508.04","5,419.98","5,427.13",,-2.31%,2.31%,88.06,1.60%,,,,,,,,,,,,,,,,,,,,,,,,,,,,,,,,,,,,,,,,,,,,,,,,,,,
07/23/2024,"5,555.74",07/23/2024,"5,565.30","5,585.34","5,550.90","5,555.74",,-0.16%,0.16%,34.44,0.62%,,,,,,,,,,,,,,,,,,,,,,,,,,,,,,,,,,,,,,,,,,,,,,,,,,,
07/22/2024,"5,564.41",07/22/2024,"5,544.54","5,570.36","5,529.04","5,564.41",,1.08%,1.08%,41.32,0.75%,,,,,,,,,,,,,,,,,,,,,,,,,,,,,,,,,,,,,,,,,,,,,,,,,,,
07/19/2024,"5,505.00",07/19/2024,"5,543.37","5,557.50","5,497.04","5,505.00",,-0.71%,0.71%,60.46,1.09%,,,,,,,,,,,,,,,,,,,,,,,,,,,,,,,,,,,,,,,,,,,,,,,,,,,
07/18/2024,"5,544.59",07/18/2024,"5,608.56","5,614.05","5,522.81","5,544.59",,-0.78%,0.78%,91.24,1.63%,,,,,,,,,,,,,,,,,,,,,,,,,,,,,,,,,,,,,,,,,,,,,,,,,,,
07/17/2024,"5,588.27",07/17/2024,"5,610.07","5,622.49","5,584.81","5,588.27",,-1.39%,1.39%,37.68,0.67%,,,,,,,,,,,,,,,,,,,,,,,,,,,,,,,,,,,,,,,,,,,,,,,,,,,
07/16/2024,"5,667.20",07/16/2024,"5,644.09","5,669.67","5,639.02","5,667.20",,0.64%,0.64%,30.65,0.54%,,,,,,,,,,,,,,,,,,,,,,,,,,,,,,,,,,,,,,,,,,,,,,,,,,,
07/15/2024,"5,631.22",07/15/2024,"5,638.16","5,666.94","5,614.75","5,631.22",,0.28%,0.28%,52.19,0.93%,,,,,,,,,,,,,,,,,,,,,,,,,,,,,,,,,,,,,,,,,,,,,,,,,,,
07/12/2024,"5,615.35",07/12/2024,"5,590.76","5,655.56","5,590.44","5,615.35",,0.55%,0.55%,65.12,1.16%,,,,,,,,,,,,,,,,,,,,,,,,,,,,,,,,,,,,,,,,,,,,,,,,,,,
07/11/2024,"5,584.54",07/11/2024,"5,635.21","5,642.45","5,576.53","5,584.54",,-0.88%,0.88%,65.92,1.17%,,,,,,,,,,,,,,,,,,,,,,,,,,,,,,,,,,,,,,,,,,,,,,,,,,,
07/10/2024,"5,633.91",07/10/2024,"5,591.26","5,635.39","5,586.44","5,633.91",,1.02%,1.02%,48.95,0.88%,,,,,,,,,,,,,,,,,,,,,,,,,,,,,,,,,,,,,,,,,,,,,,,,,,,
07/09/2024,"5,576.98",07/09/2024,"5,584.24","5,590.75","5,574.57","5,576.98",,0.07%,0.07%,16.18,0.29%,,,,,,,,,,,,,,,,,,,,,,,,,,,,,,,,,,,,,,,,,,,,,,,,,,,
07/08/2024,"5,572.85",07/08/2024,"5,572.75","5,583.11","5,562.51","5,572.85",,0.10%,0.10%,20.60,0.37%,,,,,,,,,,,,,,,,,,,,,,,,,,,,,,,,,,,,,,,,,,,,,,,,,,,
07/05/2024,"5,567.19",07/05/2024,"5,537.91","5,570.33","5,531.63","5,567.19",,0.54%,0.54%,38.70,0.70%,,,,,,,,,,,,,,,,,,,,,,,,,,,,,,,,,,,,,,,,,,,,,,,,,,,
07/03/2024,"5,537.02",07/03/2024,"5,507.44","5,539.27","5,507.42","5,537.02",,0.51%,0.51%,31.85,0.58%,,,,,,,,,,,,,,,,,,,,,,,,,,,,,,,,,,,,,,,,,,,,,,,,,,,
07/02/2024,"5,509.01",07/02/2024,"5,461.84","5,509.69","5,458.43","5,509.01",,0.62%,0.62%,51.26,0.94%,,,,,,,,,,,,,,,,,,,,,,,,,,,,,,,,,,,,,,,,,,,,,,,,,,,
07/01/2024,"5,475.09",07/01/2024,"5,471.08","5,479.55","5,446.53","5,475.09",,0.27%,0.27%,33.02,0.60%,,,,,,,,,,,,,,,,,,,,,,,,,,,,,,,,,,,,,,,,,,,,,,,,,,,
06/28/2024,"5,460.48",06/28/2024,"5,488.48","5,523.64","5,451.12","5,460.48",,-0.41%,0.41%,72.52,1.32%,,,,,,,,,,,,,,,,,,,,,,,,,,,,,,,,,,,,,,,,,,,,,,,,,,,
06/27/2024,"5,482.87",06/27/2024,"5,473.59","5,490.81","5,467.54","5,482.87",,0.09%,0.09%,23.27,0.43%,,,,,,,,,,,,,,,,,,,,,,,,,,,,,,,,,,,,,,,,,,,,,,,,,,,
06/26/2024,"5,477.90",06/26/2024,"5,460.71","5,483.14","5,451.87","5,477.90",,0.16%,0.16%,31.27,0.57%,,,,,,,,,,,,,,,,,,,,,,,,,,,,,,,,,,,,,,,,,,,,,,,,,,,
06/25/2024,"5,469.30",06/25/2024,"5,460.73","5,472.88","5,446.56","5,469.30",,0.39%,0.39%,26.32,0.48%,,,,,,,,,,,,,,,,,,,,,,,,,,,,,,,,,,,,,,,,,,,,,,,,,,,
06/24/2024,"5,447.87",06/24/2024,"5,459.58","5,490.66","5,447.59","5,447.87",,-0.31%,0.31%,43.07,0.79%,,,,,,,,,,,,,,,,,,,,,,,,,,,,,,,,,,,,,,,,,,,,,,,,,,,
06/21/2024,"5,464.62",06/21/2024,"5,466.77","5,478.31","5,452.03","5,464.62",,-0.16%,0.16%,26.28,0.48%,,,,,,,,,,,,,,,,,,,,,,,,,,,,,,,,,,,,,,,,,,,,,,,,,,,
06/20/2024,"5,473.17",06/20/2024,"5,499.99","5,505.53","5,455.56","5,473.17",,-0.25%,0.25%,49.97,0.91%,,,,,,,,,,,,,,,,,,,,,,,,,,,,,,,,,,,,,,,,,,,,,,,,,,,
06/18/2024,"5,487.03",06/18/2024,"5,476.15","5,490.38","5,471.32","5,487.03",,0.25%,0.25%,19.06,0.35%,,,,,,,,,,,,,,,,,,,,,,,,,,,,,,,,,,,,,,,,,,,,,,,,,,,
06/17/2024,"5,473.23",06/17/2024,"5,431.11","5,488.50","5,420.40","5,473.23",,0.77%,0.77%,68.10,1.25%,,,,,,,,,,,,,,,,,,,,,,,,,,,,,,,,,,,,,,,,,,,,,,,,,,,
06/14/2024,"5,431.60",06/14/2024,"5,424.08","5,432.39","5,403.75","5,431.60",,-0.04%,0.04%,28.64,0.53%,,,,,,,,,,,,,,,,,,,,,,,,,,,,,,,,,,,,,,,,,,,,,,,,,,,
06/13/2024,"5,433.74",06/13/2024,"5,441.93","5,441.93","5,402.51","5,433.74",,0.23%,0.23%,39.42,0.72%,,,,,,,,,,,,,,,,,,,,,,,,,,,,,,,,,,,,,,,,,,,,,,,,,,,
06/12/2024,"5,421.03",06/12/2024,"5,409.13","5,447.25","5,409.13","5,421.03",,0.85%,0.85%,38.12,0.70%,,,,,,,,,,,,,,,,,,,,,,,,,,,,,,,,,,,,,,,,,,,,,,,,,,,
06/11/2024,"5,375.32",06/11/2024,"5,353.00","5,375.95","5,327.25","5,375.32",,0.27%,0.27%,48.70,0.91%,,,,,,,,,,,,,,,,,,,,,,,,,,,,,,,,,,,,,,,,,,,,,,,,,,,
06/10/2024,"5,360.79",06/10/2024,"5,341.22","5,365.79","5,331.52","5,360.79",,0.26%,0.26%,34.27,0.64%,,,,,,,,,,,,,,,,,,,,,,,,,,,,,,,,,,,,,,,,,,,,,,,,,,,
06/07/2024,"5,346.99",06/07/2024,"5,343.81","5,375.08","5,331.33","5,346.99",,-0.11%,0.11%,43.75,0.82%,,,,,,,,,,,,,,,,,,,,,,,,,,,,,,,,,,,,,,,,,,,,,,,,,,,
06/06/2024,"5,352.96",06/06/2024,"5,357.80","5,362.35","5,335.36","5,352.96",,-0.02%,0.02%,26.99,0.50%,,,,,,,,,,,,,,,,,,,,,,,,,,,,,,,,,,,,,,,,,,,,,,,,,,,
06/05/2024,"5,354.03",06/05/2024,"5,314.48","5,354.16","5,297.64","5,354.03",,1.18%,1.18%,56.52,1.06%,,,,,,,,,,,,,,,,,,,,,,,,,,,,,,,,,,,,,,,,,,,,,,,,,,,
06/04/2024,"5,291.34",06/04/2024,"5,278.24","5,298.80","5,257.63","5,291.34",,0.15%,0.15%,41.17,0.78%,,,,,,,,,,,,,,,,,,,,,,,,,,,,,,,,,,,,,,,,,,,,,,,,,,,
06/03/2024,"5,283.40",06/03/2024,"5,297.15","5,302.11","5,234.32","5,283.40",,0.11%,0.11%,67.79,1.28%,,,,,,,,,,,,,,,,,,,,,,,,,,,,,,,,,,,,,,,,,,,,,,,,,,,
05/31/2024,"5,277.51",05/31/2024,"5,243.21","5,280.33","5,191.68","5,277.51",,0.80%,0.80%,88.65,1.69%,,,,,,,,,,,,,,,,,,,,,,,,,,,,,,,,,,,,,,,,,,,,,,,,,,,
05/30/2024,"5,235.48",05/30/2024,"5,259.77","5,260.21","5,222.10","5,235.48",,-0.60%,0.60%,38.11,0.72%,,,,,,,,,,,,,,,,,,,,,,,,,,,,,,,,,,,,,,,,,,,,,,,,,,,
05/29/2024,"5,266.95",05/29/2024,"5,278.73","5,282.27","5,262.70","5,266.95",,-0.74%,0.74%,19.57,0.37%,,,,,,,,,,,,,,,,,,,,,,,,,,,,,,,,,,,,,,,,,,,,,,,,,,,
05/28/2024,"5,306.04",05/28/2024,"5,315.91","5,315.91","5,280.89","5,306.04",,0.02%,0.02%,35.02,0.66%,,,,,,,,,,,,,,,,,,,,,,,,,,,,,,,,,,,,,,,,,,,,,,,,,,,
05/24/2024,"5,304.72",05/24/2024,"5,281.45","5,311.65","5,278.39","5,304.72",,0.70%,0.70%,33.26,0.63%,,,,,,,,,,,,,,,,,,,,,,,,,,,,,,,,,,,,,,,,,,,,,,,,,,,
05/23/2024,"5,267.84",05/23/2024,"5,340.26","5,341.88","5,256.93","5,267.84",,-0.74%,0.74%,84.95,1.59%,,,,,,,,,,,,,,,,,,,,,,,,,,,,,,,,,,,,,,,,,,,,,,,,,,,
05/22/2024,"5,307.01",05/22/2024,"5,319.28","5,323.18","5,286.01","5,307.01",,-0.27%,0.27%,37.17,0.70%,,,,,,,,,,,,,,,,,,,,,,,,,,,,,,,,,,,,,,,,,,,,,,,,,,,
05/21/2024,"5,321.41",05/21/2024,"5,298.69","5,324.32","5,297.87","5,321.41",,0.25%,0.25%,26.45,0.50%,,,,,,,,,,,,,,,,,,,,,,,,,,,,,,,,,,,,,,,,,,,,,,,,,,,
05/20/2024,"5,308.13",05/20/2024,"5,305.35","5,325.32","5,302.40","5,308.13",,0.09%,0.09%,22.92,0.43%,,,,,,,,,,,,,,,,,,,,,,,,,,,,,,,,,,,,,,,,,,,,,,,,,,,
05/17/2024,"5,303.27",05/17/2024,"5,303.10","5,305.45","5,283.59","5,303.27",,0.12%,0.12%,21.86,0.41%,,,,,,,,,,,,,,,,,,,,,,,,,,,,,,,,,,,,,,,,,,,,,,,,,,,
05/16/2024,"5,297.10",05/16/2024,"5,310.07","5,325.49","5,296.19","5,297.10",,-0.21%,0.21%,29.30,0.55%,,,,,,,,,,,,,,,,,,,,,,,,,,,,,,,,,,,,,,,,,,,,,,,,,,,
05/15/2024,"5,308.15",05/15/2024,"5,263.26","5,311.76","5,263.26","5,308.15",,1.17%,1.17%,48.50,0.92%,,,,,,,,,,,,,,,,,,,,,,,,,,,,,,,,,,,,,,,,,,,,,,,,,,,
05/14/2024,"5,246.68",05/14/2024,"5,221.10","5,250.37","5,217.98","5,246.68",,0.48%,0.48%,32.39,0.62%,,,,,,,,,,,,,,,,,,,,,,,,,,,,,,,,,,,,,,,,,,,,,,,,,,,
05/13/2024,"5,221.42",05/13/2024,"5,233.08","5,237.26","5,211.16","5,221.42",,-0.02%,0.02%,26.10,0.50%,,,,,,,,,,,,,,,,,,,,,,,,,,,,,,,,,,,,,,,,,,,,,,,,,,,
05/10/2024,"5,222.68",05/10/2024,"5,225.49","5,239.66","5,209.68","5,222.68",,0.16%,0.16%,29.98,0.57%,,,,,,,,,,,,,,,,,,,,,,,,,,,,,,,,,,,,,,,,,,,,,,,,,,,
05/09/2024,"5,214.08",05/09/2024,"5,189.03","5,215.30","5,180.41","5,214.08",,0.51%,0.51%,34.89,0.67%,,,,,,,,,,,,,,,,,,,,,,,,,,,,,,,,,,,,,,,,,,,,,,,,,,,
05/08/2024,"5,187.67",05/08/2024,"5,168.98","5,191.95","5,165.86","5,187.67",,0.00%,0.00%,26.09,0.50%,,,,,,,,,,,,,,,,,,,,,,,,,,,,,,,,,,,,,,,,,,,,,,,,,,,
05/07/2024,"5,187.70",05/07/2024,"5,187.20","5,200.23","5,178.96","5,187.70",,0.13%,0.13%,21.27,0.41%,,,,,,,,,,,,,,,,,,,,,,,,,,,,,,,,,,,,,,,,,,,,,,,,,,,
05/06/2024,"5,180.74",05/06/2024,"5,142.42","5,181.00","5,142.42","5,180.74",,1.03%,1.03%,38.58,0.75%,,,,,,,,,,,,,,,,,,,,,,,,,,,,,,,,,,,,,,,,,,,,,,,,,,,
05/03/2024,"5,127.79",05/03/2024,"5,122.78","5,139.12","5,101.22","5,127.79",,1.26%,1.26%,37.90,0.74%,,,,,,,,,,,,,,,,,,,,,,,,,,,,,,,,,,,,,,,,,,,,,,,,,,,
05/02/2024,"5,064.20",05/02/2024,"5,049.32","5,073.21","5,011.05","5,064.20",,0.91%,0.91%,62.16,1.23%,,,,,,,,,,,,,,,,,,,,,,,,,,,,,,,,,,,,,,,,,,,,,,,,,,,
05/01/2024,"5,018.39",05/01/2024,"5,029.03","5,096.12","5,013.45","5,018.39",,-0.34%,0.34%,82.67,1.64%,,,,,,,,,,,,,,,,,,,,,,,,,,,,,,,,,,,,,,,,,,,,,,,,,,,
04/30/2024,"5,035.69",04/30/2024,"5,103.78","5,110.83","5,035.31","5,035.69",,-1.57%,1.57%,75.52,1.48%,,,,,,,,,,,,,,,,,,,,,,,,,,,,,,,,,,,,,,,,,,,,,,,,,,,
04/29/2024,"5,116.17",04/29/2024,"5,114.13","5,123.49","5,088.65","5,116.17",,0.32%,0.32%,34.84,0.68%,,,,,,,,,,,,,,,,,,,,,,,,,,,,,,,,,,,,,,,,,,,,,,,,,,,
04/26/2024,"5,099.96",04/26/2024,"5,084.65","5,114.62","5,073.14","5,099.96",,1.02%,1.02%,41.48,0.82%,,,,,,,,,,,,,,,,,,,,,,,,,,,,,,,,,,,,,,,,,,,,,,,,,,,
04/25/2024,"5,048.42",04/25/2024,"5,019.88","5,057.75","4,990.58","5,048.42",,-0.46%,0.46%,67.17,1.34%,,,,,,,,,,,,,,,,,,,,,,,,,,,,,,,,,,,,,,,,,,,,,,,,,,,
04/24/2024,"5,071.63",04/24/2024,"5,084.86","5,089.48","5,047.02","5,071.63",,0.02%,0.02%,42.46,0.84%,,,,,,,,,,,,,,,,,,,,,,,,,,,,,,,,,,,,,,,,,,,,,,,,,,,
04/23/2024,"5,070.55",04/23/2024,"5,028.85","5,076.12","5,027.96","5,070.55",,1.20%,1.20%,48.16,0.96%,,,,,,,,,,,,,,,,,,,,,,,,,,,,,,,,,,,,,,,,,,,,,,,,,,,
04/22/2024,"5,010.60",04/22/2024,"4,987.33","5,038.84","4,969.40","5,010.60",,0.87%,0.87%,69.44,1.39%,,,,,,,,,,,,,,,,,,,,,,,,,,,,,,,,,,,,,,,,,,,,,,,,,,,
04/19/2024,"4,967.23",04/19/2024,"5,005.44","5,019.02","4,953.56","4,967.23",,-0.88%,0.88%,65.46,1.31%,,,,,,,,,,,,,,,,,,,,,,,,,,,,,,,,,,,,,,,,,,,,,,,,,,,
04/18/2024,"5,011.12",04/18/2024,"5,031.52","5,056.66","5,001.89","5,011.12",,-0.22%,0.22%,54.77,1.09%,,,,,,,,,,,,,,,,,,,,,,,,,,,,,,,,,,,,,,,,,,,,,,,,,,,
04/17/2024,"5,022.21",04/17/2024,"5,068.97","5,077.96","5,007.25","5,022.21",,-0.58%,0.58%,70.71,1.39%,,,,,,,,,,,,,,,,,,,,,,,,,,,,,,,,,,,,,,,,,,,,,,,,,,,
04/16/2024,"5,051.41",04/16/2024,"5,064.59","5,079.84","5,039.83","5,051.41",,-0.21%,0.21%,40.01,0.79%,,,,,,,,,,,,,,,,,,,,,,,,,,,,,,,,,,,,,,,,,,,,,,,,,,,
04/15/2024,"5,061.82",04/15/2024,"5,149.67","5,168.43","5,052.47","5,061.82",,-1.20%,1.20%,115.96,2.25%,,,,,,,,,,,,,,,,,,,,,,,,,,,,,,,,,,,,,,,,,,,,,,,,,,,
04/12/2024,"5,123.41",04/12/2024,"5,171.51","5,175.03","5,107.94","5,123.41",,-1.46%,1.46%,67.09,1.30%,,,,,,,,,,,,,,,,,,,,,,,,,,,,,,,,,,,,,,,,,,,,,,,,,,,
04/11/2024,"5,199.06",04/11/2024,"5,172.95","5,211.78","5,138.77","5,199.06",,0.74%,0.74%,73.01,1.41%,,,,,,,,,,,,,,,,,,,,,,,,,,,,,,,,,,,,,,,,,,,,,,,,,,,
04/10/2024,"5,160.64",04/10/2024,"5,167.88","5,178.43","5,138.70","5,160.64",,-0.95%,0.95%,39.73,0.77%,,,,,,,,,,,,,,,,,,,,,,,,,,,,,,,,,,,,,,,,,,,,,,,,,,,
04/09/2024,"5,209.91",04/09/2024,"5,217.03","5,224.81","5,160.78","5,209.91",,0.14%,0.14%,64.03,1.23%,,,,,,,,,,,,,,,,,,,,,,,,,,,,,,,,,,,,,,,,,,,,,,,,,,,
04/08/2024,"5,202.39",04/08/2024,"5,211.37","5,219.57","5,197.35","5,202.39",,-0.04%,0.04%,22.22,0.43%,,,,,,,,,,,,,,,,,,,,,,,,,,,,,,,,,,,,,,,,,,,,,,,,,,,
04/05/2024,"5,204.34",04/05/2024,"5,158.95","5,222.18","5,157.21","5,204.34",,1.11%,1.11%,64.97,1.26%,,,,,,,,,,,,,,,,,,,,,,,,,,,,,,,,,,,,,,,,,,,,,,,,,,,
04/04/2024,"5,147.21",04/04/2024,"5,244.05","5,256.59","5,146.06","5,147.21",,-1.23%,1.23%,110.53,2.11%,,,,,,,,,,,,,,,,,,,,,,,,,,,,,,,,,,,,,,,,,,,,,,,,,,,
04/03/2024,"5,211.49",04/03/2024,"5,194.37","5,228.75","5,194.37","5,211.49",,0.11%,0.11%,34.38,0.66%,,,,,,,,,,,,,,,,,,,,,,,,,,,,,,,,,,,,,,,,,,,,,,,,,,,
04/02/2024,"5,205.81",04/02/2024,"5,204.29","5,208.34","5,184.05","5,205.81",,-0.72%,0.72%,24.29,0.47%,,,,,,,,,,,,,,,,,,,,,,,,,,,,,,,,,,,,,,,,,,,,,,,,,,,
04/01/2024,"5,243.77",04/01/2024,"5,257.97","5,263.95","5,229.20","5,243.77",,-0.20%,0.20%,34.75,0.66%,,,,,,,,,,,,,,,,,,,,,,,,,,,,,,,,,,,,,,,,,,,,,,,,,,,
03/28/2024,"5,254.35",03/28/2024,"5,248.03","5,264.85","5,245.82","5,254.35",,0.11%,0.11%,19.03,0.36%,,,,,,,,,,,,,,,,,,,,,,,,,,,,,,,,,,,,,,,,,,,,,,,,,,,
03/27/2024,"5,248.49",03/27/2024,"5,226.31","5,249.26","5,213.92","5,248.49",,0.86%,0.86%,35.34,0.68%,,,,,,,,,,,,,,,,,,,,,,,,,,,,,,,,,,,,,,,,,,,,,,,,,,,
03/26/2024,"5,203.58",03/26/2024,"5,228.85","5,235.16","5,203.42","5,203.58",,-0.28%,0.28%,31.74,0.61%,,,,,,,,,,,,,,,,,,,,,,,,,,,,,,,,,,,,,,,,,,,,,,,,,,,
03/25/2024,"5,218.19",03/25/2024,"5,219.52","5,229.09","5,216.09","5,218.19",,-0.31%,0.31%,13.00,0.25%,,,,,,,,,,,,,,,,,,,,,,,,,,,,,,,,,,,,,,,,,,,,,,,,,,,
03/22/2024,"5,234.18",03/22/2024,"5,242.48","5,246.09","5,229.87","5,234.18",,-0.14%,0.14%,16.22,0.31%,,,,,,,,,,,,,,,,,,,,,,,,,,,,,,,,,,,,,,,,,,,,,,,,,,,
03/21/2024,"5,241.53",03/21/2024,"5,253.43","5,261.10","5,240.66","5,241.53",,0.32%,0.32%,20.44,0.39%,,,,,,,,,,,,,,,,,,,,,,,,,,,,,,,,,,,,,,,,,,,,,,,,,,,
03/20/2024,"5,224.62",03/20/2024,"5,181.69","5,226.19","5,171.55","5,224.62",,0.89%,0.89%,54.64,1.05%,,,,,,,,,,,,,,,,,,,,,,,,,,,,,,,,,,,,,,,,,,,,,,,,,,,
03/19/2024,"5,178.51",03/19/2024,"5,139.09","5,180.31","5,131.59","5,178.51",,0.56%,0.56%,48.72,0.95%,,,,,,,,,,,,,,,,,,,,,,,,,,,,,,,,,,,,,,,,,,,,,,,,,,,
03/18/2024,"5,149.42",03/18/2024,"5,154.77","5,175.60","5,145.47","5,149.42",,0.63%,0.63%,30.13,0.58%,,,,,,,,,,,,,,,,,,,,,,,,,,,,,,,,,,,,,,,,,,,,,,,,,,,
03/15/2024,"5,117.09",03/15/2024,"5,123.31","5,136.86","5,104.35","5,117.09",,-0.65%,0.65%,32.51,0.63%,,,,,,,,,,,,,,,,,,,,,,,,,,,,,,,,,,,,,,,,,,,,,,,,,,,
03/14/2024,"5,150.48",03/14/2024,"5,175.14","5,176.85","5,123.30","5,150.48",,-0.29%,0.29%,53.55,1.03%,,,,,,,,,,,,,,,,,,,,,,,,,,,,,,,,,,,,,,,,,,,,,,,,,,,
03/13/2024,"5,165.31",03/13/2024,"5,173.49","5,179.14","5,151.88","5,165.31",,-0.19%,0.19%,27.26,0.53%,,,,,,,,,,,,,,,,,,,,,,,,,,,,,,,,,,,,,,,,,,,,,,,,,,,
03/12/2024,"5,175.27",03/12/2024,"5,134.30","5,179.87","5,114.48","5,175.27",,1.12%,1.12%,65.39,1.27%,,,,,,,,,,,,,,,,,,,,,,,,,,,,,,,,,,,,,,,,,,,,,,,,,,,
03/11/2024,"5,117.94",03/11/2024,"5,111.96","5,124.66","5,091.14","5,117.94",,-0.11%,0.11%,33.52,0.66%,,,,,,,,,,,,,,,,,,,,,,,,,,,,,,,,,,,,,,,,,,,,,,,,,,,
03/08/2024,"5,123.69",03/08/2024,"5,164.46","5,189.26","5,117.50","5,123.69",,-0.65%,0.65%,71.76,1.39%,,,,,,,,,,,,,,,,,,,,,,,,,,,,,,,,,,,,,,,,,,,,,,,,,,,
03/07/2024,"5,157.36",03/07/2024,"5,132.38","5,165.62","5,128.21","5,157.36",,1.03%,1.03%,37.41,0.73%,,,,,,,,,,,,,,,,,,,,,,,,,,,,,,,,,,,,,,,,,,,,,,,,,,,
03/06/2024,"5,104.76",03/06/2024,"5,108.03","5,127.97","5,092.22","5,104.76",,0.51%,0.51%,35.75,0.70%,,,,,,,,,,,,,,,,,,,,,,,,,,,,,,,,,,,,,,,,,,,,,,,,,,,
03/05/2024,"5,078.65",03/05/2024,"5,110.52","5,114.54","5,056.82","5,078.65",,-1.02%,1.02%,57.72,1.13%,,,,,,,,,,,,,,,,,,,,,,,,,,,,,,,,,,,,,,,,,,,,,,,,,,,
03/04/2024,"5,130.95",03/04/2024,"5,130.99","5,149.67","5,127.18","5,130.95",,-0.12%,0.12%,22.49,0.44%,,,,,,,,,,,,,,,,,,,,,,,,,,,,,,,,,,,,,,,,,,,,,,,,,,,
03/01/2024,"5,137.08",03/01/2024,"5,098.51","5,140.33","5,094.16","5,137.08",,0.80%,0.80%,46.17,0.91%,,,,,,,,,,,,,,,,,,,,,,,,,,,,,,,,,,,,,,,,,,,,,,,,,,,
02/29/2024,"5,096.27",02/29/2024,"5,085.36","5,104.99","5,061.89","5,096.27",,0.52%,0.52%,43.10,0.85%,,,,,,,,,,,,,,,,,,,,,,,,,,,,,,,,,,,,,,,,,,,,,,,,,,,
02/28/2024,"5,069.76",02/28/2024,"5,067.20","5,077.37","5,058.35","5,069.76",,-0.17%,0.17%,19.02,0.38%,,,,,,,,,,,,,,,,,,,,,,,,,,,,,,,,,,,,,,,,,,,,,,,,,,,
02/27/2024,"5,078.18",02/27/2024,"5,074.60","5,080.69","5,057.29","5,078.18",,0.17%,0.17%,23.40,0.46%,,,,,,,,,,,,,,,,,,,,,,,,,,,,,,,,,,,,,,,,,,,,,,,,,,,
02/26/2024,"5,069.53",02/26/2024,"5,093.00","5,097.66","5,068.91","5,069.53",,-0.38%,0.38%,28.75,0.56%,,,,,,,,,,,,,,,,,,,,,,,,,,,,,,,,,,,,,,,,,,,,,,,,,,,
02/23/2024,"5,088.80",02/23/2024,"5,100.92","5,111.06","5,081.46","5,088.80",,0.03%,0.03%,29.60,0.58%,,,,,,,,,,,,,,,,,,,,,,,,,,,,,,,,,,,,,,,,,,,,,,,,,,,
02/22/2024,"5,087.03",02/22/2024,"5,038.83","5,094.39","5,038.83","5,087.03",,2.11%,2.11%,55.56,1.10%,,,,,,,,,,,,,,,,,,,,,,,,,,,,,,,,,,,,,,,,,,,,,,,,,,,
02/21/2024,"4,981.80",02/21/2024,"4,963.03","4,983.21","4,946.00","4,981.80",,0.13%,0.13%,37.21,0.75%,,,,,,,,,,,,,,,,,,,,,,,,,,,,,,,,,,,,,,,,,,,,,,,,,,,
02/20/2024,"4,975.51",02/20/2024,"4,989.32","4,993.71","4,955.02","4,975.51",,-0.60%,0.60%,38.69,0.78%,,,,,,,,,,,,,,,,,,,,,,,,,,,,,,,,,,,,,,,,,,,,,,,,,,,
02/16/2024,"5,005.57",02/16/2024,"5,031.13","5,038.70","4,999.52","5,005.57",,-0.48%,0.48%,39.18,0.78%,,,,,,,,,,,,,,,,,,,,,,,,,,,,,,,,,,,,,,,,,,,,,,,,,,,
02/15/2024,"5,029.73",02/15/2024,"5,003.14","5,032.72","4,999.44","5,029.73",,0.58%,0.58%,33.28,0.67%,,,,,,,,,,,,,,,,,,,,,,,,,,,,,,,,,,,,,,,,,,,,,,,,,,,
02/14/2024,"5,000.62",02/14/2024,"4,976.44","5,002.52","4,956.45","5,000.62",,0.96%,0.96%,46.07,0.93%,,,,,,,,,,,,,,,,,,,,,,,,,,,,,,,,,,,,,,,,,,,,,,,,,,,
02/13/2024,"4,953.17",02/13/2024,"4,967.94","4,971.30","4,920.31","4,953.17",,-1.37%,1.37%,50.99,1.03%,,,,,,,,,,,,,,,,,,,,,,,,,,,,,,,,,,,,,,,,,,,,,,,,,,,
02/12/2024,"5,021.84",02/12/2024,"5,026.83","5,048.39","5,016.83","5,021.84",,-0.09%,0.09%,31.56,0.63%,,,,,,,,,,,,,,,,,,,,,,,,,,,,,,,,,,,,,,,,,,,,,,,,,,,
02/09/2024,"5,026.61",02/09/2024,"5,004.17","5,030.06","5,000.34","5,026.61",,0.57%,0.57%,29.72,0.59%,,,,,,,,,,,,,,,,,,,,,,,,,,,,,,,,,,,,,,,,,,,,,,,,,,,
02/08/2024,"4,997.91",02/08/2024,"4,995.16","5,000.40","4,987.09","4,997.91",,0.06%,0.06%,13.31,0.27%,,,,,,,,,,,,,,,,,,,,,,,,,,,,,,,,,,,,,,,,,,,,,,,,,,,
02/07/2024,"4,995.06",02/07/2024,"4,973.05","4,999.89","4,969.05","4,995.06",,0.82%,0.82%,30.84,0.62%,,,,,,,,,,,,,,,,,,,,,,,,,,,,,,,,,,,,,,,,,,,,,,,,,,,
02/06/2024,"4,954.23",02/06/2024,"4,950.16","4,957.77","4,934.88","4,954.23",,0.23%,0.23%,22.89,0.46%,,,,,,,,,,,,,,,,,,,,,,,,,,,,,,,,,,,,,,,,,,,,,,,,,,,
02/05/2024,"4,942.81",02/05/2024,"4,957.19","4,957.19","4,918.09","4,942.81",,-0.32%,0.32%,39.10,0.79%,,,,,,,,,,,,,,,,,,,,,,,,,,,,,,,,,,,,,,,,,,,,,,,,,,,
02/02/2024,"4,958.61",02/02/2024,"4,916.06","4,975.29","4,907.99","4,958.61",,1.07%,1.07%,67.30,1.37%,,,,,,,,,,,,,,,,,,,,,,,,,,,,,,,,,,,,,,,,,,,,,,,,,,,
02/01/2024,"4,906.19",02/01/2024,"4,861.11","4,906.97","4,853.52","4,906.19",,1.25%,1.25%,53.45,1.10%,,,,,,,,,,,,,,,,,,,,,,,,,,,,,,,,,,,,,,,,,,,,,,,,,,,
01/31/2024,"4,845.65",01/31/2024,"4,899.19","4,906.75","4,845.15","4,845.65",,-1.61%,1.61%,61.60,1.26%,,,,,,,,,,,,,,,,,,,,,,,,,,,,,,,,,,,,,,,,,,,,,,,,,,,
01/30/2024,"4,924.97",01/30/2024,"4,925.89","4,931.09","4,916.27","4,924.97",,-0.06%,0.06%,14.82,0.30%,,,,,,,,,,,,,,,,,,,,,,,,,,,,,,,,,,,,,,,,,,,,,,,,,,,
01/29/2024,"4,927.93",01/29/2024,"4,892.95","4,929.31","4,887.40","4,927.93",,0.76%,0.76%,41.91,0.86%,,,,,,,,,,,,,,,,,,,,,,,,,,,,,,,,,,,,,,,,,,,,,,,,,,,
01/26/2024,"4,890.97",01/26/2024,"4,888.91","4,906.69","4,881.47","4,890.97",,-0.07%,0.07%,25.22,0.52%,,,,,,,,,,,,,,,,,,,,,,,,,,,,,,,,,,,,,,,,,,,,,,,,,,,
01/25/2024,"4,894.16",01/25/2024,"4,886.66","4,898.15","4,869.34","4,894.16",,0.53%,0.53%,28.81,0.59%,,,,,,,,,,,,,,,,,,,,,,,,,,,,,,,,,,,,,,,,,,,,,,,,,,,
01/24/2024,"4,868.55",01/24/2024,"4,888.56","4,903.68","4,865.94","4,868.55",,0.08%,0.08%,37.74,0.77%,,,,,,,,,,,,,,,,,,,,,,,,,,,,,,,,,,,,,,,,,,,,,,,,,,,
01/23/2024,"4,864.60",01/23/2024,"4,856.80","4,866.48","4,844.37","4,864.60",,0.29%,0.29%,22.11,0.46%,,,,,,,,,,,,,,,,,,,,,,,,,,,,,,,,,,,,,,,,,,,,,,,,,,,
01/22/2024,"4,850.43",01/22/2024,"4,853.42","4,868.41","4,844.05","4,850.43",,0.22%,0.22%,24.36,0.50%,,,,,,,,,,,,,,,,,,,,,,,,,,,,,,,,,,,,,,,,,,,,,,,,,,,
